編號,名稱,地址,營業時間,電話,地區
1,翰盟數位資訊社,新竹市中華路2段327號1樓及2樓,24小時,02-27152218,新竹
2,民生瀚盟資訊社,新竹市民生路166號及166之1號1樓,24小時,02-26752011,新竹
3,日盛網路奇艦店,新竹市西大路121號及123號1樓及2樓,24小時,03-5342393,新竹
4,大樂科技資訊社,新竹市武陵路78號及80號1樓,10:30-21:30,無,新竹
5,星良資訊社,新竹市中華路4段576號1樓,24小時,無,新竹
6,順奕資訊社,新竹市林森路219號,平日10:30-21:00周六10:30-18:00,無,新竹
7,玩家資訊社,新竹市中華路2段349號及351號1樓及2樓,24小時,無,新竹
8,酷玩資訊館,新竹市中華路3段2號1樓及2樓,24小時,無,新竹
9,台大醫院新竹分院按摩小站,新竹市經國路一段442巷25號6樓,週一至週五上午8：30-下午5：00、週六上午8：30-下午2：30,無,新竹
10,馬偕醫院新竹分院按摩小站,新竹市光復路二段690號2樓,週一至週五上午8：30-下午5：00,無,新竹
11,國軍新竹醫院按摩小站,新竹市武陵路3號,週一至週五上午8：30-下午5：00,無,新竹
12,新竹國泰醫院按摩小站,新竹市中華路2段678號二樓17診旁,週一三四五上午8：30-下午5：00週二六上午11：30-中午12：30,無,新竹
13,老夫子盲人按摩店,新竹市東區中正里中正路323號一樓,下午13：00-晚上23：00,03-5359128,新竹
14,視障按摩達人館,新竹市東門街158號,上午09：00-晚上24：00,03-5232110,新竹
15,老地方按摩店,新竹市中正路108號一樓,下午13：00-晚上23：00,03-5269477,新竹
16,新竹國賓大飯店,300新竹市東區中華路2段188號,24小時,03-5151111,新竹
17,新竹老爺大酒店,300新竹市東區光復路1段227號,24小時,03-5631122,新竹
18,荷米斯飯店,300新竹市北區西大路606號1-9樓,24小時,03-5269999,新竹
19,新苑庭園大飯店,300新竹市東區大同路11號,24小時,03-5226868,新竹
20,心園商務旅館,300新竹市東區民權路223號,24小時,03-5313525,新竹
21,微旅商務旅館,300新竹市東區民生路268號,24小時,03-5323183,新竹
22,風之海岸旅館,300新竹市北區尚濱路36號,24小時,03-5366095,新竹
23,豪美旅店,300新竹市東區勝利路86號,24小時,03-5218441,新竹
24,棒球精緻旅店,300新竹市北區西大路549號,24小時,03-5261172,新竹
25,紫晶汽車旅館,300新竹市東區頂竹里東南街53巷18號,24小時,03-5620789,新竹
26,煙波大飯店-麗池館,300新竹市東區明湖路773號1-6樓,24小時,03-5203181,新竹
27,煙波大飯店-溫莎館,300新竹市東區明湖路775巷51號,24小時,03-5203181,新竹
28,普邑斯商務旅館,300新竹市東區東區民權路193號,24小時,03-5428681,新竹
29,煙波大飯店-都會一館,300新竹市東區民生路177號,24小時,03-6120000,新竹
30,卡爾登飯店,300新竹市北區北大路225號,24小時,03-5259999,新竹
31,老爺旅社,300新竹市東區光復路二段167號,24小時,03-5711585,新竹
32,金頓大飯店,300新竹市東區光復路一段238號4-12樓,24小時,03-5646655,新竹
33,啊囉哈一六八汽車旅館,300新竹市北區西濱路1段217號,24小時,03-5362277,新竹
34,左岸假期旅店,300新竹市東區中華路二段502號,24小時,03-5284800,新竹
35,華泰大旅社,300新竹市東區勝利路15號,24小時,03-5243145,新竹
36,東賓大旅社,300新竹市東區林森路14號,24小時,03-5223161,新竹
37,金燕大飯店,300新竹市東區民族路13號,24小時,03-5227151,新竹
38,柿子紅快捷旅店,300新竹市東區大同路23巷5號,24小時,03-5223232,新竹
39,柏克萊大飯店,300新竹市北區中正路151號,24小時,03-5251155,新竹
40,新寶大旅社,300新竹市東區中南街46號,24小時,03-5229955,新竹
41,賓城大旅社,300新竹市東區中正路13號5-10樓,24小時,03-5269255,新竹
42,迎曦大飯店(文化店),300新竹市東區文化街10號1-8樓,24小時,03-5347266,新竹
43,芝蘭賓館,300新竹市東區中華路二段480號,24小時,03-5254166,新竹
44,元首大飯店,300新竹市東區建功一路29號,24小時,03-5711111,新竹
45,金座渡假汽車旅館,300新竹市東區明湖路928-2及930號,24小時,03-5201833,新竹
46,新都旅館,300新竹市東區中南街12號,24小時,03-5261131,新竹
47,國賓旅館,300新竹市東區大同路21號,24小時,03-5243164,新竹
48,東城精品旅館,300新竹市東區府後街5巷1號,24小時,03-5222648,新竹
49,約客旅?,300新竹市北區東大路四段121號,24小時,03-5361122,新竹
50,合悅都會商旅,300新竹市北區西大路417號,24小時,03-5234499,新竹
51,月圓汽車旅館,300新竹市北區少年街88號,24小時,03-5231728,新竹
52,豪美旅店,300新竹市北區中正路107號11樓,24小時,03-5213333,新竹
53,悅豪大飯店,300新竹市東區復興路22號,24小時,03-5267890,新竹
54,新苑名流都會館,300新竹市東區大同路20號,24小時,03-5211888,新竹
55,向日葵汽車旅館,300新竹市北區經國路二段150號,24小時,03-5359797,新竹
56,日月光國際大飯店,300新竹市東區中央路355巷16號1及3-6樓,24小時,03-5456363,新竹
57,湖山渡假汽車旅館,300新竹市東區明湖路1001號,24小時,03-5203000,新竹
58,馬德里經典旅館,300新竹市香山區中華路四段729號,24小時,03-5305533,新竹
59,水晶旅館有限公司,300新竹市北區聖軍路75號,24小時,03-5366789,新竹
60,城市花園汽車旅館,300新竹市北區東大路二段377號,24小時,03-5422989,新竹
61,薇閣精品旅館,300新竹市北區中正路137號,24小時,03-5238080,新竹
62,福泰商務飯店,300新竹市東區中央路106號B2及1樓及8-15樓,24小時,03-5212323,新竹
63,新竹日月光大飯店,300新竹市香山區富群街3號,24小時,03-5296888,新竹
64,新竹福華大飯店,300新竹市北區中正路178號,24小時,03-5282323,新竹
65,新竹英迪格酒店,300新竹市東區公道五路2段111號,24小時,03-5169308,新竹
66,芙洛麗大飯店,300新竹市東區民族路69號,24小時,03-6238899,新竹
67,明月大飯店,300新竹市東區東門街128號,24小時,03-5281818,新竹
68,晶悅精品旅館,300新竹市東區關新二街49號,24小時,03-6667567,新竹
69,歐遊國際精品旅館,300新竹市東區埔頂路500號,24小時,03-5790088,新竹
70,金沙商務旅?,300新竹市北區東濱街18號4樓,24小時,03-5368221,新竹
71,新舍商旅新竹館,300新竹市北區西大路658號,24小時,03-5221082,新竹
72,竹湖暐順麗緻文旅,300新竹市東區光明里1鄰大學路16號,24小時,03-5715888,新竹
73,達龍商旅,300新竹市東區新竹市東園里4鄰光復路二段808號,24小時,03-5166666,新竹
74,水蜜桃時尚旅店,300新竹市東區民族路29號,24小時,03-5234138,新竹
75,琺何旅館有限公司,300新竹市東區新竹市東區振興里振興路109號,24小時,03-5610011,新竹
76,安琪拉的魔法屋,新竹市長春街40巷10號,週三-六11:30-20:00,03-5637150,新竹
77,蘇格貓底二手書咖啡屋,新竹市光復路二段101號,已停業,03-5736096,新竹
78,柑仔店-帝國店,新竹市光復路二段295號B1(帝國大夏),10:00-21:00,03-5715566,新竹
79,愛家農場,新竹市景觀大道201號,週二-日11:00-21:00,03-533-9280,新竹
80,夏卡瓦咖啡餐廳,新竹市三民路105號1樓,11:00-21:30,03-533-8666,新竹
81,JadeDecor尼奧家飾,新竹市東區綠水里學府路375之3號一樓,周一-五9:00-18:00,03-5716699,新竹
82,小百合咖啡屋LilyCafe,新竹市世界街154號,周一四五10:00-17:00周六10:00-20:30,03-5233771,新竹
83,進益摃丸文化會館,新竹市北門街31號,9:00-21:00,03-5515837,新竹
84,新竹•好日手作咖啡雜貨,新竹市三民路12號,週二-日10:00-17:00,03-5353309,新竹
85,自由者咖啡館,新竹市科學園路205-2號,已停業,03-5778804,新竹
86,墨咖啡,新竹市林森路180號,12:00-23:00,03-5220608,新竹
87,直達咖啡,新竹市光復路1段544巷9弄14樓,11:00-19:00,03-6669582,新竹
88,巷弄田園咖啡,新竹市東大路二段605巷50號,11:00-19:00,03-5327566,新竹
89,佈拉諾咖啡館,新竹市三民路40號,12:00-18:00周三公休,03-5322593,新竹
90,茉莉小鎮,新竹市博愛街114號,11:00-14:30 17:00-20:30 周一公休,03-5729032,新竹
91,卡巴尼那義大利老媽鄉村餐坊,新竹市東大路二段73號,11:30-14:30 17:30-22:00 周一公休,03-5321640,新竹
92,貝克里麵包專門店,新竹市西大路429號,11:00-21:00,03-5250778,新竹
93,班多尼翁咖啡館,新竹市忠孝路279號之3,已停業,03-5730986,新竹
94,LivingOne篤行館,新竹市篤行路1號,週六日10:00-18:00,03-5775252,新竹
95,布蕾咖啡,新竹市長春街64巷2號,8:30-21:00,03-5775006,新竹
96,人文年代咖啡館,新竹市北大路140號,已停業,03-5336162,新竹
97,法芙嵐法式烘焙,新竹市仁愛街87巷1號,已停業,03-5350398,新竹
98,新竹市玻璃工藝博物館,新竹市東大路一段2號,國定假日與每週星期一公休,03-5626091,新竹
99,新竹市影像博物館,新竹市中正路65號,國定假日與每週星期一公休,03-5285840,新竹
100,新竹市眷村博物館,新竹市東大路二段105號,國定假日與每週星期一公休,03-5338442,新竹
101,黑蝙蝠中隊文物陳列館,新竹市東大路二段16號,國定假日與每週星期一公休,03-5425061,新竹
102,新復珍戲院股份有限公司,30044新竹市北門街6號,24小時,03-5248285,新竹
103,國際中興影城有限公司,30042新竹市林森路32號,24小時,03-5237077,新竹
104,新竹國際大戲院股份有限公司,30041新竹市文昌街39號,24小時,03-5222134,新竹
105,威秀影城股份有限公司新竹南門分公司,30041新竹市西大路323號,24小時,03-5241166,新竹
106,威秀影城股份有限公司新竹巨城分公司,30043新竹市民權路176號4樓之3,24小時,03-5346999,新竹
107,華威影城有限公司,士林區忠誠路2段202號4樓,24小時,2876-3300,台北
108,光點華山電影館,中正區八德路2段1號,24小時,2394-0622,台北
109,東南亞秀泰影城,中正區羅斯福路4段136巷3號,24小時,2367-8999,台北
110,首都戲院,松山區長安東路2段219號2樓,24小時,2741-1599,台北
111,總督戲院,松山區長安東路2段219號3樓,24小時,2741-5991,台北
112,誠品電影院,信義區菸廠路80號地下2樓,24小時,6636-5888,台北
113,台北新光影城,萬華區西寧南路36號4樓,24小時,2314-6668,台北
114,陽明戲院實業股份有限公司 ,士林區文林路113號,24小時,2881-4636,台北
115,朝代大戲院,大同區民權西路136號4樓,24小時,2557-1380,台北
116,南山大戲院 ,大安區通化街24巷1號,24小時,2706-8222,台北
117,台北之家(光點台北),中山區中山北路2段18號,24小時,2511-7786,台北
118,美麗華皇家影城,中山區北安路780號B2樓,24小時,7718-8588,台北
119,國賓影城@長春廣場,中山區長春路172號,24小時,2515-5757,台北
120,國賓影城@長春廣場,中山區長春路176號,24小時,2515-5757,台北
121,"美麗華娛樂股份有限公司
(大直影城)",中山區敬業三路22號6樓,24小時,8502-2208,台北
122,哈拉數位影城,內湖區康寧路3段72號3至4樓,24小時,2632-2693,台北
123,"弘美育樂股份有限公司
來來佳佳戲院",文山區羅斯福路6段403號4至7樓,24小時,2934-6494,台北
124,"喜樂時代影城股份有限公司
南港分公司",南港區忠孝東路7段299號C棟11至14樓,24小時,2788-8185,台北
125,國賓大戲院,萬華區成都路88號,24小時,2361-1222,台北
126,樂聲大戲院股份有限公司,萬華區武昌街2段85號,24小時,2311-8628,台北
127,今日大戲院,萬華區峨眉街52號5樓,24小時,2375-1669,台北
128,金馬大戲院,萬華區峨眉街52號7樓,24小時,2375-1669,台北
129,鳳凰大戲院,萬華區峨眉街52號9樓,24小時,2375-1669,台北
130,中影股份有限公司真善美分公司,萬華區漢中街116號7樓,24小時,2331-2270,台北
131,欣欣秀泰影城,中山區林森北路247號3至5樓,24小時,2537-1889,台北
132,"中國青年救國團
劍潭海外青年活動中心",臺北市士林區中山北路4段16號,24小時,02-2885-2151,台北
133,沃田旅店,臺北市士林區中山北路7段127號,24小時,02-2875-2288,台北
134,?美精品飯店,臺北市士林區天玉街38巷14號1-5樓,24小時,02-2873-0333,台北
135,中華電信陽明山會館,臺北市士林區菁山路131巷8號,24小時,02-2861-6553,台北
136,漫步1948旅店,臺北市大同區太原路42號,24小時,02-2558-8812,台北
137,台北北門窩泊旅,臺北市大同區太原路92巷2-1號,24小時,02-2552-5068,台北
138,西悠飯店台北店,臺北市大同區民生西路198號之2,24小時,02-2558-5500,台北
139,城市商旅站前館,臺北市大同區延平北路1段51號1至3樓,24小時,02-2550-7000,台北
140,台北君品大酒店,臺北市大同區承德路1段3號,24小時,02-2181-9950,台北
141,一九一旅店,臺北市大同區南京西路165號6樓,24小時,02-2555-9711,台北
142,城市商旅-南西館,臺北市大同區南京西路169號,24小時,02-2550-7722,台北
143,雀爾喜精品旅館,臺北市大同區南京西路288號5樓,24小時,02-2559-6221,台北
144,一九一旅店寧夏店,臺北市大同區寧夏路11號2樓,24小時,02-2555-1593,台北
145,台北商旅(大安館),臺北市大安區大安路1段135號,24小時,02-8773-3799,台北
146,怡品商旅,臺北市大安區忠孝東路4段87號14樓,24小時,02-2776-6136,台北
147,東門3號膠囊旅店,臺北市大安區信義路2段110號,24小時,02-2358-3299,台北
148,丹迪旅店 大安森林公園店,臺北市大安區信義路3段33號,24小時,02-2707-6899,台北
149,多郎明哥旅館,臺北市大安區信義路3段73號2樓,24小時,02-2700-1200,台北
150,富邦旅館,臺北市大安區信義路4段30巷23號,24小時,02-6626-0658,台北
151,福容大飯店 台北,臺北市大安區建國南路1段266號,24小時,02-2701-9266,台北
152,柯達大飯店 台北敦南,臺北市大安區敦化南路2段238號,24小時,02-2732-3333,台北
153,台北馥華商旅松江館,臺北市中山區一江街3號,24小時,02-2511-8896,台北
154,美麗信花園酒店,臺北市中山區市民大道3段83號,24小時,02-7702-8800,台北
155,優美飯店,臺北市中山區民生東路1段28號,24小時,02-2525-5678,台北
156,台北發現青年旅舍,臺北市中山區民權東路2段21號5樓、6樓,24小時,02-2595-0209,台北
157,銀座飯店,臺北市中山區林森北路289號4樓,24小時,02-2562-7733,台北
158,晴美公寓酒店,臺北市中山區林森北路568號,24小時,02-6619-8888,台北
159,洛痐j飯店股份有限公司,臺北市中山區林森北路617號,24小時,02-2595-1100,台北
160,斯格加旅店,臺北市中山區林森北路72號,24小時,02-2562-9117,台北
161,雀客旅館股份有限公司,臺北市中山區松江路253號,24小時,02-2500-7100,台北
162,喜瑞飯店,臺北市中山區長安東路1段64號,24小時,02-2541-0077,台北
163,大地清旅旅店,臺北市中山區長安東路2段246號4樓,24小時,02-2711-0102,台北
164,背包棧旅店-台北長春店,臺北市中山區長春路258巷6號2樓,24小時,02-2518-0188,台北
165,京都商務旅館,臺北市中山區長春路38號,24小時,02-2567-3366,台北
166,東京國際飯店,臺北市中山區長春路39號,24小時,02-2564-3733,台北
167,台北有園飯店,臺北市中山區南京東路3段16號,24小時,02-2516-1610,台北
168,享樂文旅開封店,臺北市中山區開封街1段35號,24小時,02-2361-5889,台北
169,"綺茵旅館
(IMOON HOTEL新月商旅)",臺北市中山區新生北路1段122號,24小時,02-2561-7400,台北
170,台糖台北會館,臺北市中正區中華路1段39號,24小時,02-2388-5522,台北
171,捷絲旅台北西門館,臺北市中正區中華路1段41號5樓,24小時,02-2370-9000,台北
172,家美旅店,臺北市中正區北平東路12號,24小時,02-2358-1234,台北
173,瘋台北青旅,臺北市中正區延平南路21號2樓,24小時,02-2382-1818,台北
174,力歐時尚旅館,臺北市中正區延平南路9號,24小時,02-2314-5296,台北
175,和逸飯店台北忠孝館,臺北市中正區忠孝東路1段31號,24小時,02-7725-3399,台北
176,星辰旅館 (喜來登),臺北市中正區金山南路1段80號,24小時,02-2397-1377,台北
177,台灣青旅,臺北市中正區青島西路11號地下1樓,24小時,02-2361-3000,台北
178,新尚旅店,臺北市中正區信義路2段73號,24小時,02-2395-9009,台北
179,悠逸行旅中正館,臺北市中正區重慶南路3段38號,24小時,02-2333-1277,台北
180,109 Hostel Taipei 台北109青旅,臺北市中正區博愛路36號3樓,24小時,02-2375-2109,台北
181,城美大飯店,臺北市中正區漢口街1段88號,24小時,02-2314-7305,台北
182,新驛旅店(西門捷運店),臺北市中正區衡陽路124號1-7樓,24小時,02-7725-2288,台北
183,皇家飯店(懷寧街),臺北市中正區懷寧街5-1號,24小時,02-23111668,台北
184,新驛旅店台北車站一館,臺北市中正區懷寧街7號,24小時,02-2314-8008,台北
185,帥客大旅社,臺北市中正區羅斯福路1段90巷2號,24小時,02-2322-3885,台北
186,儷園飯店,臺北市中正區羅斯福路3段98號,24小時,02-2365-7367,台北
187,瑪奇商務旅店,臺北市文山區景中街30巷6號3樓,24小時,02-2932-1000,台北
188,途中台北國際青年旅舍,臺北市北投區光明路82號1樓至5樓,24小時,02-2891-0230,台北
189,立德北投溫泉飯店,臺北市北投區幽雅路11號1-3樓,24小時,02-2897-3611#2007,台北
190,漾館溫泉商旅,臺北市北投區溫泉路63號,24小時,02-2891-1118,台北
191,台北碧瑤飯店,臺北市松山區八德路2段367號(營建署對面）,24小時,02-2781-3121,台北
192,蒲園飯店,臺北市松山區八德路4段176號,24小時,02-2753-0772,台北
193,小雅旅店,臺北市松山區八德路5段616號5樓,24小時,02-2763-1122,台北
194,小公館人文旅舍,臺北市松山區南京東路5段399號5樓,24小時,02-2769-0200,台北
195,城市商旅台北南東館,臺北市松山區南京東路5段411號,24小時,02-2742-5888,台北
196,瑞格商旅,臺北市松山區復興北路307號,24小時,02-2713-8600,台北
197,台北商旅 (慶城館),臺北市松山區慶城街12號,24小時,02-8712-7688,台北
198,台北馥華商旅南港館,臺北市南港區三重路23號,24小時,02-6615-6788,台北
199,福泰桔子商旅西門店,臺北市萬華區中華路1段 166 號之 2,24小時,02-2311-5556,台北
200,台北漫步旅店,臺北市萬華區成都路163號,24小時,02-23831334,台北
201,美觀園旅社,臺北市萬華區西寧南路90巷13號,24小時,02-2331-4123,台北
202,恩典驛站(大可居青年旅館),臺北市萬華區昆明街316號,24小時,02-2308-0066,台北
203,背包棧旅店-西門店,臺北市萬華區康定路25巷13號,24小時,02-8978-3666,台北
204,力歐時尚旅館(西門館),臺北市萬華區康定路25巷36弄4號,24小時,02-2388-9855,台北
205,享樂文旅飯店股份有限公司(康定館),臺北市萬華區康定路32號,24小時,02-2361-5868,台北
206,華麗大飯店,臺北市萬華區康定路41號,24小時,02-2381-8111,台北
207,凱達大飯店,臺北市萬華區艋舺大道167號,24小時,02-2306-6777,台北
208,中山運動中心按摩小站,臺北市中山區中山北路2段44巷2號,週一至週日9：00AM-5：00PM,02-2581-1060,台北
209,臺北長庚醫院按摩小站,臺北市大安區敦化北路199號,週一至週五9：00AM-5：30PM 周六9：00AM-13：30PM,02-2713-5211,台北
210,臺北市政府珍愛按摩服務坊,臺北市市府路1號1樓,09:30∼18:00,02-2720-8889,台北
211,臺北醫學院附設按摩小站,臺北市吳興街250號,週一至週五早上9:00-下午17:00 星期六早上9:00-下午15:30,02-2736-1661,台北
212,臺北市立聯合醫院-忠孝院區按摩小站,臺北市南港區同德路87號2樓,週一至週五早上9:00-下午17:00,02-2786-1288,台北
213,阿甘按摩小棧-台北車站,臺北市北平西路3號,週一至週日早上9:00-晚上22:00,02-2571-0005,台北
214,臺北馬偕醫院視障按摩小站,臺北市中山北路2段92號,週一至週五早上9：00-下午17：00 週六早上9：00-下午13：00,02-2531-2320,台北
215,臺北榮總醫院按摩小站,臺北市石牌路201號,週一至週五早上9:00-下午17:00,0912-788-310,台北
216,臺北市立聯合醫院-中興院區按摩小站,臺北市鄭州路145號,週一至週五早上9:00-下午17:00 週六早上8:30-中午12:30,02-2552-3234,台北
217,臺北市立聯合醫院-仁愛院區按摩小站,臺北市仁愛路4段10號,週一至週五早上8:30-下午17:30 週六早上8:30-中午12:30,0912-788-532,台北
218,永樂活力按摩小站,臺北市迪化街一段21號1樓,週一至週日9：30AM-6：00PM,02-2558-8846,台北
219,臺北市立聯合醫院-林森中醫院區按摩小站,臺北市中山區林森北路530號,週一至週五早上9:00-下午17:00,02-2591-6681,台北
220,臺北市立聯合醫院-和平院區按摩小站,臺北市萬華區中華路2段33號,週一至週五早上9:00-下午17:00 周六早上9:00-下午13:00,02-2238-9595,台北
221,臺北市立聯合醫院-中醫門診中心按摩小站,臺北市萬華區中華昆明街100號,週一至週六早上9:00-下午18:00,02-2388-7088,台北
222,中山區公所按摩小站,臺北市松江路367號,週一至週五9：00∼17：00,無,台北
223,南港運動中心按摩小站,臺北市玉成街南港運動中心,週六、週日12：00∼20：00,02-2653-2279,台北
224,壹咖啡,台北市中正區汀州路三段125號,平日8:00-20:00 週六10:00-20:00,02-23682212,台北
225,壹咖啡,大直街56號1樓,平日8:00-20:00 週六10:00-20:00,02-25333900,台北
226,壹咖啡,忠順街一段101號,平日8:00-20:00 週六10:00-20:00,02-29366313,台北
227,壹咖啡,德惠街3巷1號之2,平日8:00-20:00 週六10:00-20:00,02-25991980,台北
228,STARBUCKS COFFEE,鄭州路8號B1,7:00-22:30,02-23316359,台北
229,STARBUCKS COFFEE,松江路54號1樓,7:00-22:30,02-2523-5112,台北
230,STARBUCKS COFFEE,庫倫街51號、51-1號及承德路三段263號2樓之一,7:00-22:30,02-25928122,台北
231,STARBUCKS COFFEE,和平東路一段2號,7:00-22:30,2369-4200,台北
232,STARBUCKS COFFEE,羅斯福路三段301號,7:00-22:30,2364-6845,台北
233,STARBUCKS COFFEE,木柵路三段75號,7:00-22:30,2234-3305,台北
234,STARBUCKS COFFEE,懷寧街10號1-3樓,7:00-22:30,2389-3776,台北
235,STARBUCKS COFFEE,忠孝東路五段8號2樓,7:00-22:30,2722-6292,台北
236,STARBUCKS COFFEE,東興路65號1樓,7:00-22:30,2746-6635,台北
237,STARBUCKS COFFEE,八德路四段138號1樓,7:00-22:30,8761-6614,台北
238,STARBUCKS COFFEE,八德路三段10號,7:00-22:30,2579-3016,台北
239,STARBUCKS COFFEE,民生東路三段105號,7:00-22:30,2712-0428,台北
240,STARBUCKS COFFEE,民生東路三段156-1號,7:00-22:30,2719-2682,台北
241,STARBUCKS COFFEE,民生東路五段158號,7:00-22:30,2767-6603,台北
242,STARBUCKS COFFEE,敦化南路二段263號,7:00-22:30,2732-0326,台北
243,STARBUCKS COFFEE,大直街70號1樓,7:00-22:30,2532-5223,台北
244,STARBUCKS COFFEE,民權東路三段88號,7:00-22:30,2504-4751,台北
245,咖啡弄,台北市忠孝東路四段101巷45號1樓,12:00-22:00,02-2711-1912,台北
246,咖啡弄,台北市敦化南路一段187巷42號2樓,12:00-22:00,02-2711-1910,台北
247,咖啡弄,台北市中正路253號2樓,12:00-22:00,02-2888-3322,台北
248,咖啡弄,台北市館前路18號2樓,12:00-22:00,02-2388-3000,台北
249,咖啡弄,台北市文林路132號2樓,12:00-22:00,02-2883-5777,台北
250,Smith&Hsu,台北市忠孝東路5段8號統一時代百貨6樓,11:00-21:30,02-87862877,台北
251,Smith&Hsu,台北市南京東路一段 36 號,10:00-22:00,02-25625565,台北
252,Agnes b. CAF? L.P.G.,台北市復興南路一段39號2樓,11:00-21:30,02-8772-5752,台北
253,Agnes b. CAF? L.P.G.,台北市松高路11號1樓,11:00-21:30,02-2722-6107,台北
254,Agnes b. CAF? L.P.G.,台北市承德路一段1號,11:00-21:30,02-2552-6370,台北
255,Agnes b. CAF? L.P.G.,台北市市府路45號B1,11:00-21:30,02-8101-7937,台北
256,歐客佬精品咖啡,台北市中山區錦州街296號,8:00-20:00,02-2517-6606,台北
257,歐客佬精品咖啡,台北市中山區民權東路2段51號,11:00-19:00,02-2591-8856,台北
258,歐客佬精品咖啡,臺北市中山區松江路132巷5-2號,8:00-20:00,02-2581-7780,台北
259,歐客佬精品咖啡,台北市大安區安和路一段49巷11號-1,8:00-20:00,02-2721-6659,台北
260,歐客佬精品咖啡,台北市中正區博愛路124號,8:00-20:00,02-2361-5589,台北
261,丹堤咖啡,台北市內湖區瑞光路392號1樓,7:00-21:00,02-87982834,台北
262,丹堤咖啡,台北市中山區復興北路398號,7:00-21:00,02-25036312,台北
263,丹堤咖啡,台北市中山區民權東路二段148號,7:00-21:00,02-25040238,台北
264,丹堤咖啡,台北市北投區石牌路二段6號,7:00-21:00,02-28234918,台北
265,Ikari Coffee 怡客咖啡,臺北市 信義區 臺北市信義區逸仙路50巷12號,7:00-21:00,02-23450714,台北
266,Ikari Coffee 怡客咖啡,臺北市 中正區 臺北市中正區南昌路一段20號,7:00-21:00,02-23968582,台北
267,Ikari Coffee 怡客咖啡,臺北市 大安區 臺北市大安區仁愛路4段304號,7:00-21:00,02-27051660,台北
268,Ikari Coffee 怡客咖啡,臺北市 中山區 臺北市中山區松江路71號,7:00-21:00,02-25156411,台北
269,Ikari Coffee 怡客咖啡,臺北市 大安區 臺北市大安區信義路4段265巷10號,7:00-21:00,02-27059598,台北
270,Caffe Chat 咖啡講,台北市中山區南京東路2段62號,7:00-21:00,02-2511-8817,台北
271,Caffe Chat 咖啡講,台北市松山區復興北路145號,7:00-21:00,02-2718-3100,台北
272,Caffe Chat 咖啡講,台北市中山區四平街50號,7:00-21:00,02-2531-2818,台北
273,路易莎咖啡,台北市中正區紹興街4-1號,7:00-21:00,02-2321-5938,台北
274,路易莎咖啡,台北市中正區桃源街12號,7:00-21:00,02-2370-8538,台北
275,路易莎咖啡,台北市中正區延平南路214號,7:00-21:00,02-2361-0718,台北
276,路易莎咖啡,台北市中正區杭州南路一段153號,7:00-21:00,02-2327-8819,台北
277,路易莎咖啡,台北市中正區重慶南路一段77-2號,7:00-21:00,02-2311-4088,台北
278,路易莎咖啡,台北市中正區忠孝西路一段38號B1-B櫃,7:00-21:00,02-2311-3800,台北
279,路易莎咖啡,台北市中正區臨沂街27巷9-4號,7:00-21:00,02-2357-0057,台北
280,路易莎咖啡,台北市中正區新生南路一段130號,7:00-21:00,02-2343-5831,台北
281,路易莎咖啡,台北市中正區南昌路二段115號,7:00-21:00,02-2362-6229,台北
282,路易莎咖啡,台北市中正區延平南路13號,7:00-21:00,02-2361-6909,台北
283,路易莎咖啡,台北市中正區信陽街5號之2,7:00-21:00,02-2311-6191,台北
284,路易莎咖啡,台北市中正區南海路24號,7:00-21:00,02-2322-4973,台北
285,CAMA,裕民四路3號,7:00-20:00,02-28227330,台北
286,CAMA,大安路一段170號,7:00-20:00,02-2703-9777,台北
287,CAMA,民生東路二段133號,7:00-20:00,02-25116393,台北
288,CAMA,松高路12號A8B2,7:00-20:00,02-23459968,台北
289,伯朗咖啡館,北平西路3號2樓(台北火車站),7:00-21:00,02-23891552,台北
290,伯朗咖啡館,承德路三段131號(近民權西路口),7:00-21:00,02-25995369,台北
291,伯朗咖啡館,重慶北路三段57號(昌吉街口),7:00-21:00,02-25993783,台北
292,伯朗咖啡館,常德街1號 (台大醫院-西址(舊)院區內),7:00-21:00,02-23819742,台北
293,S&D咖啡,台北市南港區昆陽街140巷1號,7:00-20:00,02-2653-0086,台北
294,S&D咖啡,台北市中正區中華路二段307巷4號,7:00-20:00,02-2332-7288,台北
295,湛盧,台北市信義區忠孝東路四段553巷6弄4號,11:00-18:00,02-2763-9909,台北
296,湛盧,台北市中正區羅斯福路三段284巷2號,11:00-18:00,2362-8883,台北
297,Felice Cafe 享樂咖啡,台北市松山區南京東路四段10-1號（捷運小巨蛋站內3.4號出口）,7:30-19:00,(02)2547-3139,台北
298,Felice Cafe 享樂咖啡,台北市松山區敦化北路338號（捷運松山機場站內B2）,7:30-19:00,(02)2545-1118,台北
299,CAFE IN,台北市忠孝東路四段205-2號,7:30-18:00,02-87713861,台北
300,CAFE IN,台北市南京東路五段178號,7:30-18:00,02-37655180,台北
301,CAFE IN,台北市吳興街8巷2號,7:30-18:00,02-27323681,台北
302,西雅圖極品咖啡,石牌路二段201號(中正樓),7:30-21:00,02-2876-0276,台北
303,西雅圖極品咖啡,忠孝東路2段93-1號,7:30-21:00,02-33223320,台北
304,西雅圖極品咖啡,基湖路18號1樓,7:30-21:00,02-87512128,台北
305,西雅圖極品咖啡,環山路1段28巷15號,7:30-21:00,02-87512008,台北
306,上島珈琲店,台北市大安區敦化南路一段199號1樓(忠孝敦化捷運站8號出口),7:30-21:30,(02)2711-7573,台北
307,上島珈琲店,新北市板橋區縣民大道二段66號1樓,7:30-21:30,(02)2964-7312,台北
308,莫凡彼咖啡館,敬業三路20號3樓,7:30-21:30,02-21753608,台北
309,莫凡彼咖啡館,慶城街12-1號,7:30-21:30,02-25467126,台北
310,家樂福,南港路二段20巷5號B1-1,9:00-23:00,02-27882550,台北
311,家樂福,中和街366號B1,9:00-23:00,02-28963000,台北
312,家樂福,德行西路47號,9:00-23:00,02-28338042,台北
313,家樂福,東興路45號B1,9:00-23:00,02-87681111,台北
314,家樂福,樂群三路218號,9:00-23:00,02-85095577,台北
315,家樂福,重慶北路二段171號,9:00-23:00,02-25537389,台北
316,家樂福,桂林路1號,9:00-23:00,02-23889887,台北
317,家樂福,台北市內湖區民善街88號,9:00-23:00,02-87905000,台北
318,家樂福,台北市士林區中山北路7段113號,9:00-23:00,02-28712126,台北
319,家樂福,台北市松山區三民路160號,9:00-23:00,02-27670702,台北
320,鹿角巷,台北市大安區復興南路二段206號,11:00-22:00,02-2701-3277,台北
321,鹿角巷,台北市內湖區內湖路1段283號2樓之84,11:00-22:00, 02-2656-2977,台北
322,CoCo都可,台北市中正區市民大道三段2號,9:30-22:00,(02)2395-1699,台北
323,CoCo都可,台北市中正區南昌路一段77號,9:30-22:00,(02)2321-3329,台北
324,CoCo都可,台北市中正區濟南路二段60之6號,9:30-22:00,(02) 2321-1207,台北
325,CoCo都可,台北市中正區汀洲路二段185號,9:30-22:00,(02)2365-6385,台北
326,CoCo都可,台北市中正區汀洲路三段179號,9:30-22:00,(02)2368-1311,台北
327,CoCo都可,台北市中正區中華路二段307巷18號,9:30-22:00,(02)2301-0042,台北
328,CoCo都可,台北市青島東路21之 10號,9:30-22:00,(02)2395-2803,台北
329,CoCo都可,台北市中正區忠孝西路一段49號B3,9:30-22:00,(02)2361-6898,台北
330,CoCo都可,台北市民生西路159號,9:30-22:00,(02)2553-1569,台北
331,CoCo都可,台北市大同區延平北路3段38號,9:30-22:00,(02)2595-5793,台北
332,CoCo都可,台北市大同區昌吉街53號,9:30-22:00,(02)2585-7669,台北
333,CoCo都可,台北市中山區林森北路438號,9:30-22:00,(02)2571-6156,台北
334,CoCo都可,台北市中山區龍江路350號,9:30-22:00,(02)2501-8189,台北
335,CoCo都可,台北市中山區大直街49號,9:30-22:00,(02)2533-6672,台北
336,CoCo都可,台北市中山區長安東路二段171之5號,9:30-22:00,(02)2731-5098,台北
337,CoCo都可,台北市松山區長春路470號,9:30-22:00,(02)2712-3081,台北
338,CoCo都可,台北市松山區南京東路五段66巷15號,9:30-22:00,(02)2756-6366,台北
339,CoCo都可,台北市松山區南京東路四段133巷4弄2號,9:30-22:00,02)8770-6000,台北
340,CoCo都可,台北市大安區和平東路二段305號,9:30-22:00,(02)2705-4832,台北
341,CoCo都可,台北市大安區永康街12之1號,9:30-22:00,(02)2356-9919,台北
342,CoCo都可,大安區通化街50號,9:30-22:00,(02)2709-5052,台北
343,CoCo都可,台北市大安區安居街18號,9:30-22:00,02-2732-0034,台北
344,CoCo都可,台北市大安區建國南路二段3號,9:30-22:00,(02) 2702-1160,台北
345,CoCo都可,台北市大安區和平東路一段17號,9:30-22:00,(02) 2391-6052,台北
346,CoCo都可,台北市大安區大安路一段77號B1(東區地下街1-5號店舖),9:30-22:00,(02)2775-5778,台北
347,CoCo都可,台北市萬華區成都路41號,9:30-22:00,(02)2311-3371,台北
348,CoCo都可,台北市萬華區武昌街二段4號,9:30-22:00,(02) 2312-3789,台北
349,CoCo都可,台北市信義區松山路11號,9:30-22:00,(02)2528-1168,台北
350,CoCo都可,台北市信義區吳興街229號,9:30-22:00,(02)8789-5685,台北
351,CoCo都可,台北市信義區中坡南路20號,9:30-22:00,(02)2726-0006,台北
352,CoCo都可,台北市信義區基隆路二段19號,9:30-22:00,(02)2729-7411,台北
353,CoCo都可,台北市士林區大南路309號,9:30-22:00,(02)2881-8220,台北
354,CoCo都可,台北市士林區延平北路六段91號,9:30-22:00,(02)2816-6118,台北
355,CoCo都可,台北市士林區德行東路107號,9:30-22:00,(02)2833-3959,台北
356,CoCo都可,台北市士林區華齡街16號,9:30-22:00,(02)2882-8239,台北
357,CoCo都可,台北市士林區美崙街5號,9:30-22:00,(02)2833-8406,台北
358,CoCo都可,台北市北投區尊賢街253號,9:30-22:00,(02)2823-2520,台北
359,CoCo都可,台北市北投區東華街一段556號,9:30-22:00,(02)2828-7232,台北
360,CoCo都可,台北市北投區知行路301號,9:30-22:00,(02)2858-8495,台北
361,CoCo都可,台北市北投區中和街296號,9:30-22:00,(02)2893-3109,台北
362,CoCo都可,台北市北投區中央北路二段31號,9:30-22:00,(02)2891-7920,台北
363,CoCo都可,台北市北投區中央南路一段124號,9:30-22:00,(02)2891-9338,台北
364,CoCo都可,台北市北投區自強街101號,9:30-22:00,(02)2820-0185,台北
365,CoCo都可,台北市內湖區東湖路37號,9:30-22:00,(02)2631-4805,台北
366,CoCo都可,台北市內湖區內湖路一段285巷29號,9:30-22:00,(02)2798-7475,台北
367,CoCo都可,台北市南港區經貿二路186號(C棟),9:30-22:00,(02)2782-6698,台北
368,CoCo都可,台北市南港區忠孝東路七段359號(櫃位C0107),9:30-22:00,(02)2652-9363,台北
369,CoCo都可,台北市南港區經貿二路1號,9:30-22:00,(02)2782-1622,台北
370,CoCo都可,台北市文山區景華街71號,9:30-22:00,(02)2935-6695,台北
371,CoCo都可,台北市文山區興隆路三段54-2號,9:30-22:00,(02)2932-0082,台北
372,CoCo都可,台北市文山區景文街95號,9:30-22:00,(02)2932-3185,台北
373,CoCo都可,台北市文山區興隆路四段68號之2,9:30-22:00,(02)2936-6885,台北
374,CoCo都可,台北市士林區中正路342號,9:30-22:00,(02)2832-0788,台北
375,喫茶趣ToGo,臺北市承德路一段1號B3,11:00-22:00,(02)2558-7208,台北
376,喫茶趣ToGo,臺北巿通化街96號,11:00-22:00,(02)2738-8853,台北
377,喫茶趣ToGo,臺北市永康街10巷1號1樓,11:00-22:00,(02)2356-7656,台北
378,喫茶趣ToGo,臺北市忠孝東路三段174號,11:00-22:00,(02)2771-7370,台北
379,喫茶趣ToGo,臺北市忠孝東路四段107號1樓,11:00-22:00,(02)2711-8868,台北
380,喫茶趣ToGo,臺北市信義路二段162號,11:00-22:00,(02)2341-3075,台北
381,喫茶趣ToGo,臺北巿林森北路261號,11:00-22:00,(02)2562-3098,台北
382,喫茶趣ToGo,臺北市中山北路一段105巷11號,11:00-22:00,(02)2541-5660,台北
383,喫茶趣ToGo,臺北市民生東路一段26-2號,11:00-22:00,(02)2511-2213,台北
384,喫茶趣ToGo,臺北市民權西路60號1樓,11:00-22:00,(02)2563-1396,台北
385,喫茶趣ToGo,臺北市南京西路12號B2,11:00-22:00,(02)2563-1369,台北
386,喫茶趣ToGo,臺北市復興北路84號1樓,11:00-22:00,(02)2781-4649,台北
387,喫茶趣ToGo,臺北市敬業三路20號B1,11:00-22:00,(02)8501-2367,台北
388,喫茶趣ToGo,臺北市北平西路3號1樓,11:00-22:00,(02)2375-2138,台北
389,喫茶趣ToGo,臺北市北平西路3號2樓,11:00-22:00,(02)2388-0756,台北
390,喫茶趣ToGo,臺北市武昌街一段3號,11:00-22:00,(02)2389-6388,台北
391,喫茶趣ToGo,臺北市忠孝西路一段38號1樓,11:00-22:00,(02)2312-2598,台北
392,喫茶趣ToGo,臺北市衡陽路62號2樓,11:00-22:00,(02)2312-2828,台北
393,喫茶趣ToGo,臺北市羅斯福路四段36號,11:00-22:00,(02)2369-5955,台北
394,喫茶趣ToGo,臺北市中山南路7號B1,11:00-22:00,(02)2391-2198,台北
395,喫茶趣ToGo,臺北市瑞光路409號1樓,11:00-22:00,(02)2656-0099,台北
396,喫茶趣ToGo,臺北市民生東路五段126號1樓,11:00-22:00,(02)2764-5008,台北
397,喫茶趣ToGo,臺北市南京東路三段337號B2,11:00-22:00,(02)8712-2269,台北
398,喫茶趣ToGo,臺北市復興南路一段39號G樓,11:00-22:00,(02)8772-0313,台北
399,喫茶趣ToGo,臺北市松高路11號B2,11:00-22:00,(02)8780-8677,台北
400,喫茶趣ToGo,臺北市松高路12號B2,11:00-22:00,(02)8789-8209,台北
401,喫茶趣ToGo,臺北市松壽路12號1樓,11:00-22:00,(02)7737-9630,台北
402,喫茶趣ToGo,臺北市菸廠路88號B2,11:00-22:00,(02)6638-5206,台北
403,喫茶趣ToGo,臺北市中山北路七段19號1樓,11:00-22:00,(02)2873-1590,台北
404,喫茶趣ToGo,台北市中山北路五段570號1樓,11:00-22:00,(02)2888-2929,台北
405,喫茶趣ToGo,臺北市中正路300號1樓,11:00-22:00,(02)2838-4577,台北
406,喫茶趣ToGo,臺北市忠誠路二段55號B1,11:00-22:00,(02)2831-6949,台北
407,喫茶趣ToGo,臺北市市民大道一段209號1樓,11:00-22:00,(02)2558-7838,台北
408,喫茶趣ToGo,臺北市衡陽路62號1樓,11:00-22:00,(02)2383-1921,台北
409,喫茶趣ToGo,臺北市信義路四段88號1樓,11:00-22:00,(02)2707-3598,台北
410,喫茶趣ToGo,台北市峨眉街52號1樓,11:00-22:00,(02)2331-3098,台北
411,一手私藏世界紅茶,八德路2段277號,10:00-20:00 周日公休,02-27523168,台北
412,COMEBUY,台北市士林區天母西路3號1之29,10:00-21:00,02-2875-3592,台北
413,COMEBUY,台北市昆陽街140巷2號,10:00-21:00,02-2652-2886,台北
414,COMEBUY,台北市師大路45-2號,10:00-21:00,02-2362-6264,台北
415,COMEBUY,台北市中正區衡陽路85之1號,10:00-21:00,02-2382-2557,台北
416,COMEBUY,台北市中正區南陽街4號1樓,10:00-21:00,02-2361-1255,台北
417,COMEBUY,台北市中正區羅斯福路四段136巷6號,10:00-21:00,02-2364-9918,台北
418,COMEBUY,北市松山區新東街29號,10:00-21:00,02-2756-5660,台北
419,COMEBUY,台北市松山區慶城街14-1號,10:00-21:00,02-2719-1879,台北
420,COMEBUY,士林區福華路162-2號,10:00-21:00,02-2834-2500,台北
421,COMEBUY,台北市市民大道三段8號1樓（光華數位新天地B02櫃位）,10:00-21:00,02-2341-8563,台北
422,COMEBUY,台北市信義區永吉路30巷97號,10:00-21:00,02-2747-5839,台北
423,COMEBUY,台北市信義區吳興街277號,10:00-21:00,02-8789-0133,台北
424,COMEBUY,台北市士林區延平北路六段59號,10:00-21:00,02-2816-6864,台北
425,COMEBUY,台北市士林區光華路26巷2弄2號,10:00-21:00,02-2862-0336,台北
426,COMEBUY,台北市文山區景中街9號,10:00-21:00,02-2930-1779,台北
427,COMEBUY,台北市大安區師大路98號,10:00-21:00,02-2362-6260,台北
428,COMEBUY,台北市中正區八德路一段82巷18號,10:00-21:00,02-2341-6652,台北
429,COMEBUY,台北市中正區汀州路三段195號,10:00-21:00,02-2362-1969,台北
430,COMEBUY,台北市林森北路247號1樓1-14櫃位(欣欣百貨),10:00-21:00,02-2581-9907,台北
431,COMEBUY,台北市北投區裕民一路30號,10:00-21:00,02-2822-6225,台北
432,COMEBUY,台北市內湖區內湖路一段285巷25號,10:00-21:00,02-8797-6820,台北
433,COMEBUY,台北市錦州街242號,10:00-21:00,(02)2516-7757,台北
434,COMEBUY,台北市中華路2段313巷2號,10:00-21:00,(02) 2303-6701,台北
435,COMEBUY,台北市忠孝東路四段49巷8號,10:00-21:00,(02)2751-9200,台北
436,COMEBUY,台北市北投區光明路115號,10:00-21:00,2897-5385,台北
437,COMEBUY,台北市文山區興隆路三段121號,10:00-21:00,2230-0795,台北
438,COMEBUY,台北市中山區天祥路57號,10:00-21:00,2585-0509,台北
439,COMEBUY,台北市內湖路一段737巷50弄7號,10:00-21:00,2627-1737,台北
440,COMEBUY,台北市北投區石牌路二段201號(台北榮民總醫院生活廣場 F-11),10:00-21:00,2871-5558,台北
441,COMEBUY,台北市中正區同安街38號,10:00-21:00,2368-2968,台北
442,COMEBUY,台北市士林區美崙街7號,10:00-21:00,2831-0868,台北
443,丸作食茶 ,台北市信義區莊敬路318號,11:00-20:00,02-27588358,台北
444,丸作食茶 ,台北市內湖區內湖路一段737巷59號,11:00-20:00,02-26591699,台北
445,康青龍人文茶飲,台北市大同區長安西路55號,10:00-21:00,02-2552-1218,台北
446,康青龍人文茶飲,台北市中正區開封街一段27號,10:00-21:00,02-2338-0606,台北
447,康青龍人文茶飲,台北市松山區民生東路三段130巷28號,10:00-21:00,02-2712-8915,台北
448,康青龍人文茶飲,台北市文山區興隆路2段81號,10:00-21:00,02-2935-3132,台北
449,康青龍人文茶飲,台北市中山區伊通街131號,10:00-21:00,02-2509-5289,台北
450,康青龍人文茶飲,台北市大安區通化街11號,10:00-21:00,02-2706-8605,台北
451,小樽手作珈琲,台北市信義區松壽路11號2樓,10:00-20:00,(02)2345-0888,台北
452,小樽手作珈琲,台北市大同區承德路一段一號地下三樓,10:00-20:00,(02)2558-6777,台北
453,大苑子,台北市中山區伊通街127-4號,10:00-22:00,02-25060760,台北
454,大苑子,台北市中山區合江街113號,10:00-22:00,02-25081238,台北
455,大苑子,台北市中山區錦西街5號,10:00-22:00,02-25218196,台北
456,大苑子,台北市文山區景文街94號,10:00-22:00,02-29332525,台北
457,大苑子,台北市信義區莊敬路343號,10:00-22:00,02-87802002,台北
458,大苑子,台北市南港區中坡南路5-1號,10:00-22:00,02-27852922,台北
459,大苑子,台北市內湖區江南街101號,10:00-22:00,02-26596595,台北
460,大苑子,台北市大安區通化街109號,10:00-22:00,02-23778109,台北
461,大苑子,台北市信義區松山路627號,10:00-22:00,02-23460006,台北
462,大苑子,台北市士林區文林路22號,10:00-22:00,02-28830952,台北
463,大苑子,台北市文山區木新路三段141號,10:00-22:00,02-29361266,台北
464,大苑子,台北市士林區天母西路11號,10:00-22:00,02-28741762,台北
465,大苑子,台北市北投區光明路200號,10:00-22:00,02-28976266,台北
466,茶湯會,基河路102號(士林基河店-立萊運冷飲店),10:00-22:00,02-28803688,台北
467,茶湯會,延平北路三段59號(台北延三店-沃霖商行),10:00-22:00,02-25869288,台北
468,茶湯會,松高路12號(台北信義A8店),10:00-22:00,02-27239635,台北
469,茶湯會,民權東路六段62號(內湖民權瑞光店-展晟食品有限公司),10:00-22:00,02-27956370,台北
470,茶湯會,羅斯福路三段286巷18號(台北公館店-順虹茶行),10:00-22:00,02-23678227,台北
471,茶湯會,江南街120號(內湖江南店-鼎凡商行),10:00-22:00,02-27973900,台北
472,茶湯會,八德路一段82巷9弄19號(台北八德一店-好的益商號),10:00-22:00,02-23216660,台北
473,茶湯會,興隆路三段149號(文山興隆店-吉茶茶舖),10:00-22:00,02-22390808,台北
474,茶湯會,錦州街250號(台北錦州店-龍禾企業有限公司),10:00-22:00,02-25176776,台北
475,茶湯會,基隆路二段102號1樓(台北通化店-威咪有限公司),10:00-22:00,02-27336644,台北
476,茶湯會,南港路一段134號(南港展覽館店-昶發茶行),10:00-22:00,02-27885630,台北
477,茶湯會,南港路三段4號(台北南港三店-昱安有限公司南港三營業處),10:00-22:00,02-26511820,台北
478,茶湯會,南昌路一段49號(台北南門店-尹秀新商行),10:00-22:00,02-23410808,台北
479,茶湯會,福華路164巷8號(芝山福華店-幸兒茶行),10:00-22:00,02-28262277,台北
480,茶湯會,永吉路30巷29號(台北永吉店-宥齊企業社),10:00-22:00,02-27662028,台北
481,茶湯會,松勤街3號(信義世貿店-詠軒商行),10:00-22:00,02-27203423,台北
482,茶湯會,民生東路5段197之2號(民生東五店-東方冷飲行),10:00-22:00,02-27623397,台北
483,茶湯會,光明路214之1號(新北投光明店-蕎霖茶行),10:00-22:00,02-28945511,台北
484,茶湯會,中正路235巷36號(士林中正店-晨良茶行),10:00-22:00,02-28839188,台北
485,茶湯會,松山路531號(台北松山店-原品茶行),10:00-22:00,02-27262886,台北
486,茶湯會,延吉街153之5號(台北延吉店),10:00-22:00,02-27507979,台北
487,茶湯會,安居街10號(台北安居店),10:00-22:00,02-23777577,台北
488,茶湯會,伊通街113號(台北伊通店-凰品商行),10:00-22:00,02-25181335,台北
489,鮮茶道presotea,武昌街二段100號,10:00-22:00,(02)2375-3399,台北
490,鮮茶道presotea,大直街37號,10:00-22:00,(02)2533-3302,台北
491,鮮茶道presotea,通化街59號1樓,10:00-22:00,(02)2709-1300,台北
492,鮮茶道presotea,南陽街4號,10:00-22:00,(02)2388-1660,台北
493,鮮茶道presotea,永吉路30巷178弄2號,10:00-22:00,(02)2765-5525,台北
494,鮮茶道presotea,林口街10號,10:00-22:00,(02)2727-0105,台北
495,水巷茶弄,臺北市南陽街15之7號,10:00-21:00,(02)2388-6836,台北
496,水巷茶弄,臺北市長安西路126號,10:00-21:00,(02)2558-4517,台北
497,水巷茶弄,臺北市松江路297巷18號,10:00-21:00,(02)2517-4782,台北
498,水巷茶弄,長春路368號,10:00-21:00,(02)2713-3811,台北
499,水巷茶弄,臺北市南京東路五段223號,10:00-21:00,(02)2748-2345,台北
500,水巷茶弄,臺北市八德路四段54號,10:00-21:00,(02)2747-8512,台北
501,水巷茶弄,臺北市延吉街176號,10:00-21:00,(02)2721-9050,台北
502,水巷茶弄,台北市信義區景新里吳興街128號,10:00-21:00,(02)2377-2227,台北
503,水巷茶弄,臺北市康寧路一段70號,10:00-21:00,(02)2793-3739,台北
504,水巷茶弄,臺北市同德路55號,10:00-21:00,(02)2652-1955,台北
505,貢茶,忠孝東路五段71巷10號,10:00-21:00,02-2765-2747,台北
506,貢茶,114 台北市內湖區瑞光路289號,10:00-21:00,02-2657-7600,台北
507,Mr.Wish 水果•天然•茶,台北市內湖區內湖路一段285巷25號1樓,10:00-21:00,02-27972223,台北
508,Mr.Wish 水果•天然•茶,台北市松山區民生東路三段130巷14號1樓,10:00-21:00,02-27161218,台北
509,Mr.Wish 水果•天然•茶,台北市信義區忠孝東路五段175號1樓,10:00-21:00,02-27678567,台北
510,50嵐,台北市大同區重慶北路一段84號,9:00-23:00,2558-7150,台北
511,50嵐,台北市大同區承德路一段20號,9:00-23:00,2559-0222,台北
512,50嵐,台北市大同區昌吉街35號,9:00-23:00,2599-2399,台北
513,50嵐,台北市大同區重慶北路三段251號,9:00-23:00,2587-5855,台北
514,50嵐,台北市大同區寧夏路47號,9:00-23:00,2553-2228,台北
515,50嵐,台北市文山區保儀路69號,9:00-23:00,8661-3489,台北
516,50嵐,台北市文山區景文街104號,9:00-23:00,2935-7075,台北
517,50嵐,台北市文山區興隆路二段349號,9:00-23:00,2934-0688,台北
518,50嵐,台北市文山區指南路二段63號,9:00-23:00,8661-7571,台北
519,50嵐,台北市文山區木新路三段158號,9:00-23:00,2937-7040,台北
520,50嵐,台北市文山區羅斯福路５段217號,9:00-23:00,2930-4678,台北
521,50嵐,台北市文山區木柵路一段86號,9:00-23:00,2236-6327,台北
522,50嵐,台北市萬華區漢中街136號,9:00-23:00,2381-9080,台北
523,50嵐,台北市萬華區西寧南路48-4號,9:00-23:00,2311-5937,台北
524,50嵐,台北市萬華區康定路195號,9:00-23:00,2336-7189,台北
525,50嵐,台北市萬華區寶興街64號,9:00-23:00,2332-8490,台北
526,50嵐,台北市萬華區峨嵋街49號,9:00-23:00,2381-8397,台北
527,50嵐,台北市萬華區萬大路282號,9:00-23:00,2333-1100,台北
528,50嵐,台北市內湖區康寧路一段66號,9:00-23:00,2796-3411,台北
529,50嵐,台北市內湖區內湖路一段425號,9:00-23:00,2799-1180,台北
530,50嵐,台北市內湖區康寧路三段48號,9:00-23:00,2630-9680,台北
531,50嵐,台北市內湖區文德路20號,9:00-23:00,2657-4987,台北
532,50嵐,台北市內湖區東湖路149號,9:00-23:00,2630-7272,台北
533,50嵐,台北市內湖區民權東路六段94號,9:00-23:00,8791-1851,台北
534,50嵐,台北市南港區中坡南路5號,9:00-23:00,2788-2862,台北
535,50嵐,台北市南港區南港路一段116號,9:00-23:00,2782-2018,台北
536,50嵐,台北市南港區南港路三段1號,9:00-23:00,2651-1252,台北
537,50嵐,台北市南港區忠孝東路六段452號,9:00-23:00,2788-9003,台北
538,50嵐,台北市南港區同德路39號,9:00-23:00,2786-2060,台北
539,50嵐,台北市北投區裕民一路23號,9:00-23:00,2821-1346,台北
540,50嵐,台北市北投區光明路21號,9:00-23:00,2897-5222,台北
541,50嵐,台北市北投區立德路150號B1(員工餐廳內),9:00-23:00,2895-1838,台北
542,50嵐,台北市北投區崇仁路一段70號,9:00-23:00,2891-5291,台北
543,50嵐,台北市松山區長春路476號,9:00-23:00,8712-1710,台北
544,50嵐,台北市松山區北寧路26號,9:00-23:00,2570-9520,台北
545,50嵐,台北市松山區八德路四段59號,9:00-23:00,2756-6262,台北
546,50嵐,台北市松山區八德路四段727號,9:00-23:00,2764-3301,台北
547,50嵐,台北市松山區民生東路四段104號,9:00-23:00,2719-8446,台北
548,50嵐,台北市松山區南京東路五段123巷37號1樓,9:00-23:00,2761-8056,台北
549,50嵐,台北市中山區吉林路185號,9:00-23:00,2100-1912,台北
550,50嵐,台北市中山區長安東路二段47-3號,9:00-23:00,2522-2050,台北
551,50嵐,台北市中山區合江街111號,9:00-23:00,2504-5433,台北
552,50嵐,台北市中山區遼寧街28號,9:00-23:00,2773-7808,台北
553,50嵐,台北市中山區錦西街14號,9:00-23:00,2563-1567,台北
554,50嵐,台北市中山區四平街40號,9:00-23:00,2521-3570,台北
555,50嵐,台北市中山區林森北路93號,9:00-23:00,2523-6047,台北
556,50嵐,台北市中山區農安街22號,9:00-23:00,2599-2566,台北
557,50嵐,台北市中山區伊通街66-2號,9:00-23:00,2502-6131,台北
558,50嵐,台北市中山區北安路571-3號,9:00-23:00,2532-1150,台北
559,50嵐,台北市中山區南京西路12巷3號,9:00-23:00,2567-3355,台北
560,50嵐,台北市中山區大直街51號,9:00-23:00,2533-1350,台北
561,50嵐,台北市信義區莊敬路392號,9:00-23:00,2345-4912,台北
562,50嵐,台北市信義區松山路557號,9:00-23:00,2728-1150,台北
563,50嵐,台北市信義區基隆路二段107之3號,9:00-23:00,2732-1350,台北
564,50嵐,台北市大安區復興南路二段182號,9:00-23:00,2709-3698,台北
565,50嵐,台北市大安區通化街119號,9:00-23:00,2739-9748,台北
566,50嵐,台北市大安區大安路一段225號,9:00-23:00,2704-1221,台北
567,50嵐,台北市大安區延吉街72-4號,9:00-23:00,8772-9811,台北
568,50嵐,台北市大安區復興南路一段107巷23-3號,9:00-23:00,2711-3650,台北
569,50嵐,台北市大安區羅斯福路三段345號,9:00-23:00,2363-2296,台北
570,50嵐,台北市大安區永康街14巷2號,9:00-23:00,2395-2000,台北
571,50嵐,台北市中正區延平南路234號,9:00-23:00,2388-2310,台北
572,50嵐,台北市中正區衡陽路15號,9:00-23:00,2370-4780,台北
573,50嵐,台北市中正區濟南路二段58號之3號,9:00-23:00,2391-5182,台北
574,50嵐,台北市中正區汀州路三段116-1號,9:00-23:00,2368-4599,台北
575,50嵐,台北市中正區信陽街13號,9:00-23:00,2375-5886,台北
576,50嵐,台北市中正區寧波西街51號,9:00-23:00,2396-5396,台北
577,50嵐,台北市中正區中華路二段309巷5號,9:00-23:00,2309-2525,台北
578,50嵐,台北市中正區忠孝東路一段11號,9:00-23:00,2351-8482,台北
579,50嵐,台北市中正區杭州南路一段95號,9:00-23:00,2327-8206,台北
580,50嵐,台北市中正區開封街一段9號,9:00-23:00,2388-5600,台北
581,50嵐,台北市中正區同安街32號,9:00-23:00,2365-3381,台北
582,50嵐,台北市士林區德行西路60號,9:00-23:00,2833-9229,台北
583,50嵐,台北市士林區文林路191號,9:00-23:00,2881-5922,台北
584,50嵐,台北市士林區士東路99號,9:00-23:00,2871-1333,台北
585,50嵐,台北市士林區承德路四段35號,9:00-23:00,2885-0608,台北
586,50嵐,台北市士林區天母北路3號,9:00-23:00,2871-1101,台北
587,橘子工坊,台北市松山區三民路156號,9:00-23:00,(02)27600066,台北
588,橘子工坊,台北市中山區林森北路302號,9:00-23:00,(02)25113322,台北
589,橘子工坊,台北市北投區中和街27號,9:00-23:00,(02)28968896,台北
590,黑丸嫩仙草,台北市內湖區民權東路六段180巷13號,9:00-23:00,(02)8792-5077,台北
591,黑丸嫩仙草,台北市內湖區康寧路三段189巷7號,9:00-23:00,(02)2631-9171,台北
592,黑丸嫩仙草,台北市南港區興華路16號1樓,9:00-23:00,(02)2788-2003,台北
593,黑丸嫩仙草,台北市文山區興隆路二段244巷24號,9:00-23:00,(02)8663-8681,台北
594,黑丸嫩仙草,台北市大安區復興南路一段82號,9:00-23:00,(02)2772-0161,台北
595,黑丸嫩仙草,台北市中山區中山南路7號B1,9:00-23:00,0972-716-257,台北
596,迷客夏,11694 台北市文山區興隆路三段112巷2弄3號,9:00-23:00,02-8931-8806,台北
597,迷客夏,11064 台北市信義區永吉路30巷114號1樓,9:00-23:00,02-2765-7669,台北
598,迷客夏,11444 台北市內湖區內湖路一段435號,9:00-23:00,02-2627-1359,台北
599,迷客夏,10091 台北市中正區羅斯福路四段132號,9:00-23:00,02-2368-1890,台北
600,迷客夏,11050 台北市信義區莊敬路319號,9:00-23:00,02-2720-9660,台北
601,迷客夏,10488台北市中山區遼寧街38號,9:00-23:00,02-2775-5569,台北
602,迷客夏,11694 臺北市文山區興隆路三段112巷2弄3號,9:00-23:00,02-8931-8806,台北
603,迷客夏,11064 臺北市信義區永吉路30巷114號1樓,9:00-23:00,02-2765-7669,台北
604,迷客夏,11444 臺北市內湖區內湖路一段435號,9:00-23:00,02-2627-1359,台北
605,迷客夏,10091 臺北市中正區羅斯福路四段132號,9:00-23:00,02-2368-1890,台北
606,迷客夏,11050 臺北市信義區莊敬路319號,9:00-23:00,02-2720-9660,台北
607,迷客夏,10488 臺北市中山區遼寧街38號,9:00-23:00,02-2775-5569,台北
608,迷客夏,11075臺北市信義區虎林街125號,9:00-23:00,02-8786-0601,台北
609,迷客夏,11487臺北市內湖區東湖路88號,9:00-23:00,02-2633-3130,台北
610,迷客夏,10485臺北市中山區伊通街68-3號,9:00-23:00,02-2518-5358,台北
611,迷客夏,11147臺北市士林區德行東路82號,9:00-23:00,02-2834-5269,台北
612,迷客夏,10047臺北巿中正區南陽街15-5號,9:00-23:00,02-2311-9011,台北
613,迷客夏,11502臺北巿南港區三重路3號,9:00-23:00,02-2788-7788,台北
614,迷客夏,10684臺北市大安區大安路一段213號,9:00-23:00,02-2703-6116,台北
615,迷客夏,11282臺北市北投區裕民一路40巷33號,9:00-23:00,02-2823-1008,台北
616,迷客夏,10477臺北市中山區錦州街353號,9:00-23:00,02-2507-2598,台北
617,迷客夏,11163臺北市士林區文林路311號,9:00-23:00,02-2881-5939,台北
618,迷客夏,11263臺北市北投區中央南路一段1號,9:00-23:00,02-2898-6326,台北
619,迷客夏,11466臺北市內湖區民權東路六段100號,9:00-23:00,02-2794-6755,台北
620,迷客夏,10074臺北市中正區寧波西街50號,9:00-23:00,02-2356-8825,台北
621,迷客夏,10569臺北市松山區南京東路五段261號,9:00-23:00,02-2761-4588,台北
622,TeaTop台灣第一味,台北市內湖區內湖路一段91巷11號,10:00-20:00,02-2798-5511,台北
623,TeaTop台灣第一味,台北市信義區松山路574號,10:00-20:00,02-23468866,台北
624,TeaTop台灣第一味,台北市信義區忠孝東路5段23號1樓,10:00-20:00,02-27658532,台北
625,TeaTop台灣第一味,台北市南港區忠孝東路六段450號,10:00-20:00,02-2651-1161,台北
626,TeaTop台灣第一味,台北市士林區中正路235巷40號,10:00-20:00,02-2882-2121,台北
627,TeaTop台灣第一味,台北市中山區松江路376-1號,10:00-20:00,02-25993058,台北
628,TeaTop台灣第一味,台北市大安區延吉街153之10號,10:00-20:00,02-27755960,台北
629,京盛宇,台北市大安區敦化南路一段245號B1,12:00-20:00,02-2775-5977 #621,台北
630,京盛宇,台北市信義區菸廠路88號3樓,12:00-20:00,02-6636-5888 #1505,台北
631,京盛宇,台北市中正區忠孝西路一段66號B2,12:00-20:00,02-2388-5552 #5061,台北
632,京盛宇,台北市信義區松壽路11號B2,12:00-20:00,02-2722-0317,台北
633,黃巾珍珠奶茶,台北市大安區忠孝東路四段205巷3-1號,12:00-23:00,02-2731-9356,台北
634,黃巾珍珠奶茶,台北市中正區八德路一段82巷9弄8號,12:00-23:00,02-2341-6627,台北
635,綠蓋茶館,臺北市大安區忠孝東路4段216巷11弄16號,12:00-23:00,02-27219909,台北
636,綠蓋茶館,臺北市萬華區峨嵋街52號3樓,12:00-23:00,02-23751785,台北
637,綠蓋茶館,臺北市大安區新生南路三段98號3樓,12:00-23:00,02-23661785,台北
638,綠蓋茶館,臺北市士林區文林路340-1號1樓,12:00-23:00,02-28881301,台北
639,綠蓋茶館,台北市信義區松高路11號B1,12:00-23:00,02-27226005,台北
640,綠蓋茶館,臺北市士林區小西街27號,12:00-23:00, 02-28803131,台北
641,良辰吉時,台北市大安區大安路一段51巷21號之6,已停業,02-2750-6123,台北
642,良辰吉時,台北市南京東路五段287號,已停業,02-2748-9080,台北
643,良辰吉時,台北市信義區松山路105號,已停業,02-2761-5353,台北
644,珍煮丹 TRUEDAN,大北路54號,10:00-21:00,02-2881-5238,台北
645,珍煮丹 TRUEDAN,忠孝東路5段17號之一,10:00-21:00,02-2742-3896,台北
646,珍煮丹 TRUEDAN,江南街108號,10:00-21:00,02-2799-8296,台北
647,珍煮丹 TRUEDAN,信義路三段200號,10:00-21:00,02-2700-0558,台北
648,珍煮丹 TRUEDAN,開封街一段11號,10:00-21:00,02-2331-2323,台北
649,珍煮丹 TRUEDAN,遼寧街65號,10:00-21:00,02-8773-8600,台北
650,珍煮丹 TRUEDAN,羅斯福路一段12號,10:00-21:00,02-2397-1828,台北
651,圓石禪飲,台北市中山區遼寧街13號,11:00-21:00,02-2776-3050,台北
652,圓石禪飲,台北市士林區大北路15號,11:00-21:00,02-288-23701,台北
653,清玉好茶,台北市中山區雙城街15號,9:00-22:00,洪羽辰,台北
654,清玉好茶,台北市松山區松隆路329巷2號,9:00-22:00,劉大偉,台北
655,清玉好茶,台北市中山區北安路532-4號,9:00-22:00,,台北
656,清玉好茶,台北市內湖區內湖路一段91巷5號,9:00-22:00,,台北
657,清玉好茶,台北市內湖區內湖路一段341-1號,9:00-22:00,,台北
658,ICE MONSTER ,台北市信義區松高路16號,9:00-22:00,02-2722-9776,台北
659,萃茶風,台北市中正區杭州南路一段5號,9:00-22:00,02-23568011,台北
660,萃茶風,台北市中正區汀州路三段151號,9:00-22:00,02-23671119,台北
661,萃茶風,台北市松山區南京東路五段250巷16號,9:00-22:00,02-27653649,台北
662,萃茶風,台北市中山區長安東路二段47-2號,9:00-22:00,02-21001808,台北
663,一芳YI FANG 台灣水果茶,台北市大安區和平東路二段118巷62號,9:00-22:00,02-27387550,台北
664,一芳YI FANG 台灣水果茶,台北市松山區民生東路4段66號,9:00-22:00,02-27166363,台北
665,一芳YI FANG 台灣水果茶,台北市松山區八德路四段773號1F,9:00-22:00,02-27481458,台北
666,一芳YI FANG 台灣水果茶,台北市中山區錦州街410號,9:00-22:00,02-25078166,台北
667,一芳YI FANG 台灣水果茶,110台北市信義區松德路3號,9:00-22:00,02-27275767,台北
668,一芳YI FANG 台灣水果茶,115台北市南港區南港路一段235號,9:00-22:00,02-27889598,台北
669,一芳YI FANG 台灣水果茶,114台北市內湖區江南街85號 1F,9:00-22:00,02-87975818,台北
670,樂法,和平東路一段129號,10:00-22:00,02-23224408,台北
671,樂法,園區街3號2樓之11,10:00-22:00,02-26557386,台北
672,樂法,羅斯福路三段283巷6號,10:00-22:00,02-23673110,台北
673,樂法,八德路一段82巷七號,10:00-22:00,02-23510093,台北
674,樂法,南陽街9號,10:00-22:00,02-23143921,台北
675,樂法,民生東路三段130巷16號,10:00-22:00,02-27160502,台北
676,樂法,林森北路263-4.263-5號,10:00-22:00,02-25671175,台北
677,樂法,忠孝東路三段293號,10:00-22:00,02-27752292,台北
678,樂法,漢中街116號,10:00-22:00,223700375,台北
679,樂法,忠孝東路四段205巷7弄1號,10:00-22:00,02-27115091,台北
680,樂法,瑞光路513巷35號,10:00-22:00,02-87513522,台北
681,樂法,忠孝西路1段49號B3(12號販賣店),10:00-22:00,02-23142445,台北
682,樂法,羅斯福路四段1號(台灣大學第1活動中心),10:00-22:00,223673017,台北
683,籠町茶番,台北市大安區敦化南路一段187巷23號,10:00-22:00,02-27755038,台北
684,樺達奶茶,台北市中正區忠孝西路一段47號B1,10:30-21:00,973851960,台北
685,樺達奶茶,台北市中正區忠孝西路一段49號B1,10:30-21:00,973851020,台北
686,樺達奶茶,台北市松山區通化街82號,10:30-21:00,02 2377 1658,台北
687,樺達奶茶,台北市中正區忠孝西路一段49號B1?-1,10:30-21:00,973851169,台北
688,日出茶太Chatime,台北市中山區敬業三路20號(美麗華百樂園B1),10:30-21:00,02-2175-3020,台北
689,日出茶太Chatime,台北市信義區松壽路20號2F,10:30-21:00,02-8780-0208,台北
690,日出茶太Chatime,台北市中正區新生南路一段6號,10:30-21:00,02-23958559,台北
691,日出茶太Chatime,台北市信義區松仁路160號,10:30-21:00,02-87809388,台北
692,吉龍糖黑糖茶飲專賣,民權西路42號1樓,已停業,02-2511-5078,台北
693,吉龍糖黑糖茶飲專賣,文昌街205號1樓,已停業,02-2701-3532,台北
694,吉龍糖黑糖茶飲專賣,敦化南路一段228號,已停業,02-2740-9321,台北
695,吉龍糖黑糖茶飲專賣,復興南路一段107巷21號,已停業,02-2777-3001,台北
696,吉龍糖黑糖茶飲專賣,玉成街148號1樓,已停業,02-2788-8211,台北
697,吉龍糖黑糖茶飲專賣,中正路281號1樓,已停業,02-2888-2018,台北
698,吉龍糖黑糖茶飲專賣,民權東路二段19號 1樓,已停業,02-2595-8058,台北
699,吉龍糖黑糖茶飲專賣,錦州街459號,已停業,02-2500-0658,台北
700,吉龍糖黑糖茶飲專賣,南京東路五段123巷31號,已停業,02-2761-9901,台北
701,吉龍糖黑糖茶飲專賣,復興南路二段201號1樓,已停業,02-2701-4000,台北
702,良辰吉時,復興南路一段68號,10:30-21:00,02 2775 3533,台北
703,良辰吉時,許昌街6號,10:30-21:00,02 2388 1239,台北
704,喬治派克,台北市南港區八德路四段790號,10:30-21:00,02-26516070,台北
705,一芳YI FANG 台灣水果茶,台北市松山區八德路3段126號,9:00-22:00,02-25792689,台北
706,一芳YI FANG 台灣水果茶,台北市內湖區東湖路104號,9:00-22:00,02-26341899,台北
707,一芳YI FANG 台灣水果茶,台北市萬華區廣州街138號,9:00-22:00,02-23028590,台北
708,一芳YI FANG 台灣水果茶,台北市士林區中山北路六段150之1號,9:00-22:00,02-28320113,台北
709,茶湯會,忠孝西路一段66號B1(台北新光站前店),9:00-22:00,02-23714555,台北
710,茶湯會,康定路213號(萬華康定店-板新茶行),9:00-22:00,02-29597778,台北
711,迷客夏,永吉路30巷114號1樓,9:00-22:00,06-2818569,台北
712,迷客夏,德行東路82號,9:00-22:00,02-28345269,台北
713,迷客夏,莊敬路319號,9:00-22:00,02-27209660,台北
714,迷客夏,內湖路一段435號,9:00-22:00,02-26271359,台北
715,迷客夏,東湖路88號,9:00-22:00,02-2633-3130,台北
716,迷客夏,虎林街125號,9:00-22:00,02-87860601,台北
717,迷客夏,南陽街15-5號,9:00-22:00,02-23119011,台北
718,迷客夏,大安路一段213號,9:00-22:00,02-27036116,台北
719,迷客夏,羅斯福路四段132號,9:00-22:00,02-23681890,台北
720,迷客夏,中央南路一段1號,9:00-22:00,02-28986326,台北
721,迷客夏,文林路311號,9:00-22:00,02-28815939,台北
722,迷客夏,民權東路六段100號,9:00-22:00,02-27946755,台北
723,迷客夏,康寧路一段25號,9:00-22:00,02-27903866,台北
724,迷客夏,延吉街163之1號,9:00-22:00,02-27762990,台北
725,迷客夏,興隆路三段112巷2弄3號,9:00-22:00,02-89318806,台北
726,迷客夏,漢中街126號,9:00-22:00,02-23706020,台北
727,迷客夏,伊通路68-3號,9:00-22:00,02-2518-5358,台北
728,迷客夏,遼寧街38號,9:00-22:00,02-27755569,台北
729,迷客夏,民生西路144號,9:00-22:00,02-25502998,台北
730,迷客夏,港墘路157號,9:00-22:00,02-87519128,台北
731,迷客夏,三重路3號,9:00-22:00,227887788,台北
732,迷客夏,裕民一路40巷33號,9:00-22:00,02-28231008,台北
733,迷客夏,南京東路五段261號,9:00-22:00,02-27614588,台北
734,迷客夏,酒泉街119號,9:00-22:00,02-25986066,台北
735,迷客夏,農安街12號,9:00-22:00,02-25992338,台北
736,迷客夏,寧波西街50號,9:00-22:00,02-23568825,台北
737,迷客夏,錦州街353號,9:00-22:00,02-25072598,台北
738,樂法,成功路二段325號三軍總醫院1樓B19號櫃位,10:00-22:00,02-89789249,台北
739,樂法,忠孝東路五段6號市府轉運站1樓部份,10:00-22:00,02-89787820,台北
740,樂法,忠孝西路一段50號B1,10:00-22:00,02-89789249,台北
741,康青龍人文茶飲,莊敬路314號,10:00-20:00,02-,台北
742,康青龍人文茶飲,文林路507號,10:00-20:00,02-2834-5734,台北
743,籠町茶番,敦化南路一段187巷23號,10:00-20:00,02-27755038,台北
744,ipartea茶聚,長春路172號,10:00-20:00,02-25180896,台北
745,好了啦紅茶冰,基河路191號,11:00-22:00,0926-754-845,台北
746,好了啦紅茶冰,延平北路八段102號旁,11:00-22:00,0958-903-098,台北
747,好了啦紅茶冰,庫倫街44號,11:00-22:00,0930-257-394,台北
748,好了啦紅茶冰,錦西街67號,11:00-22:00,0933-020-720,台北
749,好了啦紅茶冰,歸綏街192號,11:00-22:00,0918-171-007,台北
750,好了啦紅茶冰,安東街57-4號,11:00-22:00,02-2775-3305,台北
751,好了啦紅茶冰,通化夜市臨江街基隆路口,11:00-22:00,0973-822-835,台北
752,好了啦紅茶冰,中原街112-3號,11:00-22:00,02-2562-3647,台北
753,好了啦紅茶冰,合江街108號,11:00-22:00,0978-676-889,台北
754,好了啦紅茶冰,龍江路356巷63號,11:00-22:00,0984-000-996,台北
755,好了啦紅茶冰,汀州路一段200號,11:00-22:00,02-2339-2654,台北
756,好了啦紅茶冰,八德路一段82巷9弄16號,11:00-22:00,0905-577-694,台北
757,好了啦紅茶冰,杭州南路一段113號,11:00-22:00,02-2396-6567,台北
758,好了啦紅茶冰,中華路二段311巷,11:00-22:00,0960-200-199,台北
759,好了啦紅茶冰,民權東路六段90巷2號,11:00-22:00,0927-093-333,台北
760,好了啦紅茶冰,恆光街12之2號,11:00-22:00,0937-534-197,台北
761,好了啦紅茶冰,尊賢街245巷1號,11:00-22:00,02-2822-2294,台北
762,好了啦紅茶冰,石牌路一段39巷122號,11:00-22:00,0916-178-673,台北
763,好了啦紅茶冰,裕民一路12號,11:00-22:00,02-2823-6262,台北
764,好了啦紅茶冰,南京東路四段133巷5號,11:00-22:00,0922-513-401,台北
765,好了啦紅茶冰,南京東路五段328號,11:00-22:00,02-2747-6299,台北
766,好了啦紅茶冰,南京東路五段59巷31弄43號,11:00-22:00,0937-060-746,台北
767,好了啦紅茶冰,饒河街85號,11:00-22:00,0982-789-365,台北
768,好了啦紅茶冰,永吉路278巷2號,11:00-22:00,0983-364-207,台北
769,好了啦紅茶冰,吳興街200號,11:00-22:00,0953-273-361,台北
770,好了啦紅茶冰,嘉興街216巷17號右側,11:00-22:00,02-2732-7945,台北
771,好了啦紅茶冰,福德街219號,11:00-22:00,02-2728-1295,台北
772,好了啦紅茶冰,忠孝東路六段443號,11:00-22:00,0933-462-287,台北
773,好了啦紅茶冰,研究院路二段70巷12號,11:00-22:00,0978-958-449,台北
774,好了啦紅茶冰,舊庄街一段3巷6號,11:00-22:00,02-2788-3025,台北
775,好了啦紅茶冰,西園路二段140巷,11:00-22:00,0938-413-598,台北
776,好了啦紅茶冰,武成街80巷84號,11:00-22:00,0987-235-858,台北
777,好了啦紅茶冰,環河南路二段256號,11:00-22:00,0989-481-930,台北
778,頂呱呱,台北市士林區士商路189號B1,11:00-21:00,(02)2834-1859,台北
779,頂呱呱,台北市士林區劍潭路12號,11:00-21:00,(02)-28858358,台北
780,頂呱呱,台北市大安區忠孝東路4段175之1號,11:00-21:00,(02)8771-9940,台北
781,頂呱呱,台北市大安區信義路2段176號,11:00-21:00,(02)2395-5905,台北
782,頂呱呱,台北市大安區復興南路一段180號1樓,11:00-21:00,(02)2711-9738,台北
783,頂呱呱,台北市中山區民權西路54-1號,11:00-21:00,(02)2531-8339,台北
784,頂呱呱,台北市中山區林森北路105號,11:00-21:00,(02)2523-1115,台北
785,頂呱呱,台北市中山區林森北路281號1樓,11:00-21:00,(02)2568-1679,台北
786,頂呱呱,台北市中山區南京東路三段 17 號,11:00-21:00,(02)2507-3948,台北
787,頂呱呱,台北市中正區南福里4鄰南昌路2段3號1樓,11:00-21:00,(02)2341-1428,台北
788,頂呱呱,台北市中正區羅斯福路四段134號1樓,11:00-21:00,(02)2368-6341,台北
789,頂呱呱,台北市內湖區東湖路24號,11:00-21:00,(02)2630-8705,台北
790,頂呱呱,台北市內湖區瑞光路283號1樓,11:00-21:00,(02)2659-9247,台北
791,頂呱呱,台北市文山區新光路二段30號臺北市立動物園,11:00-21:00,(02)8661-3707,台北
792,頂呱呱,台北市文山區興隆路3段67號,11:00-21:00,(02)2932-1693,台北
793,頂呱呱,台北市北投區光明路 218-2 號,11:00-21:00,(02)2896-7065,台北
794,頂呱呱,台北市忠孝西路一段47號B1,11:00-21:00,(02)2383-2562,台北
795,頂呱呱,台北市忠孝西路一段47號B1,11:00-21:00,(02)2311-4223,台北
796,頂呱呱,台北市松山區八德路三段206號,11:00-21:00,(02)2577-9936,台北
797,頂呱呱,台北市信義區松山路11號1樓之櫃位(櫃號B0701),11:00-21:00,(02)2748-4130,台北
798,頂呱呱,台北市信義區松仁路58號4F,11:00-21:00,(02)-87863175,台北
799,頂呱呱,台北市信義區松壽路12號,11:00-21:00,(02)7736-0722,台北
800,頂呱呱,台北市信義區信義路5段7號（101大樓B1-19),11:00-21:00,(02)-81018527,台北
801,頂呱呱,台北市南港區忠孝東路七段371號B1(櫃號:B112),11:00-21:00,(02)2651-5613,台北
802,頂呱呱,台北市南港區忠孝東路六段392號1樓,11:00-21:00,(02)2786-3206,台北
803,頂呱呱,台北市萬華區昆明街 92-2 號,11:00-21:00,(02)2381-2037,台北
804,JIATE,區忠孝西路一段66號(B1),11:00-20:00,0965-061-787,台北
